MedInc,HouseAge,AveRooms,AveBedrms,Population,AveOccup,Latitude,Longitude,MedHouseVal
8.3252,41.0,6.9841,1.0238,322.0,2.5555,37.88,-122.23,4.526
8.3014,21.0,6.2381,0.9718,2401.0,2.1098,37.86,-122.22,3.585
7.2574,52.0,8.2881,1.0734,496.0,2.8022,37.85,-122.24,3.521
5.6431,52.0,5.8173,1.0730,558.0,2.5479,37.85,-122.25,3.413
3.8462,52.0,6.2818,1.0810,565.0,2.1814,37.85,-122.25,3.422
4.0368,52.0,4.7616,1.1036,413.0,2.1398,37.85,-122.25,2.697
3.6591,52.0,4.9319,0.9511,1094.0,2.3526,37.84,-122.25,2.992
3.1200,52.0,4.7975,1.0618,1157.0,2.4419,37.84,-122.25,2.414
2.0804,42.0,4.2941,1.1176,1206.0,2.0268,37.84,-122.26,2.267
3.6912,52.0,4.9705,0.9901,1551.0,2.1722,37.84,-122.25,2.611
3.2031,52.0,5.4776,1.0796,910.0,2.2636,37.85,-122.26,2.815
3.2705,52.0,4.7724,1.0245,1504.0,2.0490,37.85,-122.26,2.418
3.0750,52.0,5.3226,1.0129,1098.0,2.3612,37.85,-122.26,2.135
2.6736,52.0,4.0000,1.0977,1212.0,1.9869,37.84,-122.26,1.913
1.9167,52.0,4.2629,1.0094,1212.0,1.8996,37.85,-122.26,1.592
2.1250,50.0,4.2404,1.0712,697.0,2.4804,37.85,-122.26,1.400
2.7750,52.0,5.9395,1.0483,1526.0,2.7446,37.85,-122.27,1.525
2.1202,52.0,4.0528,1.0402,1168.0,2.3453,37.85,-122.27,1.555
1.9911,50.0,5.3436,1.0854,990.0,2.3627,37.84,-122.26,1.587
2.6033,52.0,5.4654,1.0830,690.0,2.3875,37.84,-122.27,1.629
1.3578,41.0,4.4545,1.0545,860.0,2.6060,37.85,-122.26,1.475
1.7135,42.0,4.4781,1.0024,1207.0,2.9367,37.85,-122.26,1.598
1.7250,52.0,5.0965,1.1315,1015.0,2.5438,37.84,-122.27,1.139
2.1806,52.0,5.1948,1.0346,853.0,2.4582,37.84,-122.27,0.997
2.6000,52.0,5.2701,1.0357,1006.0,2.4240,37.84,-122.27,1.326
2.4038,49.0,4.4857,1.0408,707.0,2.8857,37.85,-122.28,1.075
2.4597,49.0,4.7280,1.0209,607.0,2.5397,37.85,-122.28,0.938
1.8080,52.0,4.7808,1.0606,1102.0,2.7828,37.85,-122.28,1.055
5.0805,50.0,5.1054,1.0054,1131.0,3.0567,37.84,-122.28,1.067
1.9615,52.0,4.7027,1.0540,1258.0,2.8333,37.84,-122.28,1.088
