age,salary,dept,label
0.0,0.7970816643833701,1.2525537566234872,1
0.9282960838752338,1.2680463215040572,-1.1620077019278134,0
1.3486112576867884,-0.8025568029340975,-1.1620077019278134,0
-1.2573428199448506,-1.0833103258731291,-1.1620077019278134,0
1.3486112576867884,-0.6344403736631327,0.04527302734783686,1
-0.5007755070840522,-0.9974334453347553,0.04527302734783686,0
-1.6776579937564053,0.7676068916374826,0.04527302734783686,0
-1.5935949589940943,0.3985397768179399,1.2525537566234872,1
0.0,2.36710620157706,-1.1620077019278134,0
-0.08046033327249748,-1.763916655493095,0.04527302734783686,0
0.9282960838752338,1.672707977142976,-1.1620077019278134,0
-1.929847098043338,-0.006275497792231174,1.2525537566234872,0
0.42391787530136815,-0.6827631588550119,-1.1620077019278134,0
1.1804851881621665,0.5213952788032935,1.2525537566234872,0
-0.08046033327249748,0.10775581670549823,1.2525537566234872,0
-1.8457840632810272,-0.9978875017823873,1.2525537566234872,1
0.0,0.5413730056060384,-1.1620077019278134,1
-1.0051537156579178,-0.6741157172755295,0.04527302734783686,0
1.3486112576867884,1.7856784046960599,1.2525537566234872,0
-1.3414058547071614,-0.487405281379895,0.04527302734783686,1
-0.33264943755943027,-0.9163364931988909,1.2525537566234872,1
1.2645482229244775,-0.424225950413716,-1.1620077019278134,1
-0.7529646113709849,-0.9906981102556842,-1.1620077019278134,1
0.25579180577674626,-0.6479824400668831,-1.1620077019278134,0
0.0,0.11837270369055926,1.2525537566234872,1
1.0123591186375447,-1.6936793830487344,0.04527302734783686,0
-0.5848385418463631,1.1595859834874387,-1.1620077019278134,0
-1.2573428199448506,-0.9106183874730398,1.2525537566234872,0
0.6761069795883009,1.0876044026496041,0.04527302734783686,0
-0.24858640279711935,0.5335670505802084,0.04527302734783686,0
1.4326742924490994,-0.005207066133008732,0.04527302734783686,0
0.9282960838752338,1.3313305197746679,-1.1620077019278134,0
0.0,-0.33797573412572524,1.2525537566234872,0
-0.1645233680348084,-1.0558302036949934,0.04527302734783686,1
0.17172877101443534,-0.11486629835560591,1.2525537566234872,1
-1.5935949589940943,-1.3628875123205368,-1.1620077019278134,0
-1.0051537156579178,-0.25473378880617253,1.2525537566234872,0
0.6761069795883009,1.2559816139729119,0.04527302734783686,1
0.25579180577674626,-2.029675404166086,-1.1620077019278134,1
-1.929847098043338,-0.879432245891448,-1.1620077019278134,1
0.0,0.05524113702995497,0.04527302734783686,1
-1.0892167504202286,-0.5083501247119093,0.04527302734783686,0
0.42391787530136815,0.5045468516631039,0.04527302734783686,1
0.59204394482599,1.268215339708738,-1.1620077019278134,1
1.4326742924490994,0.30509679402407663,-1.1620077019278134,0
0.7601700143506118,-0.5224825869526714,-1.1620077019278134,1
-1.0051537156579178,0.07682913412524102,1.2525537566234872,0
-0.9210906808956069,1.9848596859783403,1.2525537566234872,0
0.0,0.5805985561667012,-1.1620077019278134,0
0.9282960838752338,0.5705823960679406,1.2525537566234872,0
0.003602701489813462,1.7233150504445993,0.04527302734783686,1
1.3486112576867884,0.3994233997313943,0.04527302734783686,1
-1.2573428199448506,0.697622766987826,1.2525537566234872,0
1.3486112576867884,-1.1731104090503937,0.04527302734783686,1
-1.0892167504202286,1.5168146941428347,1.2525537566234872,0
-2.013910132805649,-1.5526251854737367,-1.1620077019278134,0
0.0,1.4936738914785386,1.2525537566234872,0
-1.0892167504202286,1.346791893319382,0.04527302734783686,0
0.9282960838752338,-0.5962193191293186,0.04527302734783686,0
1.1804851881621665,0.07908278609896566,0.04527302734783686,0
-1.8457840632810272,-0.8240203223797088,-1.1620077019278134,1
-0.4167124723217412,-1.1179306445865533,1.2525537566234872,1
-0.5007755070840522,-0.05809221268911888,-1.1620077019278134,1
1.3486112576867884,0.10207294704898666,0.04527302734783686,0
0.0,0.3900176977102968,0.04527302734783686,1
0.9282960838752338,-1.090213192565904,1.2525537566234872,1
0.42391787530136815,-0.7186485339881119,-1.1620077019278134,1
-0.24858640279711935,-0.5882942670289153,1.2525537566234872,0
1.4326742924490994,-0.5155763350494941,0.04527302734783686,0
1.0123591186375447,-0.0339391409956514,-1.1620077019278134,1
0.7601700143506118,-0.5644464229642787,-1.1620077019278134,0
0.42391787530136815,0.2117137404549066,1.2525537566234872,1
0.0,-1.8761417864058678,-1.1620077019278134,0
-1.0892167504202286,-0.9659338849549123,-1.1620077019278134,0
0.5079809100636791,0.755754496905209,1.2525537566234872,0
-1.0892167504202286,1.3121251949405879,-1.1620077019278134,0
1.0123591186375447,1.0088138298326959,0.04527302734783686,1
1.4326742924490994,0.857307881121057,1.2525537566234872,0
-0.08046033327249748,-1.0847753921958911,-1.1620077019278134,1
0.5079809100636791,0.5908197614456246,1.2525537566234872,0
